5-22-2025 Slowly Updating for 4.1.1,A Spectrum post for a brief explanation - https://robertsspaceindustries.com/spectrum/community/SC/forum/3/thread/keybind-spreadsheet-updated-for-3-18-0-for-you,,,,
10-21-24 It seems we can now create modifiers in game again.,,,,,
"10-21-24 ""Alt Mine"" are now completely off the rails. Use at your own risk. 12-5-24 I am currently trying to fix these. Will note here when finished.",,,,,
"I tend to think of L/R modifiers as in Left/Right, Lower/Raise, Lock/Release. It just seems easier for me to remember.",,,,,
,Activation Mode,Default Binding,Mine,Alt Mine,Note
Vehicles - Seats and Operator Modes,,,DT= Double Tap,,"I tend to think of L/R Modifiers as in Left/Right, Lower/Raise, Lock/Release. It just seems easier for me to remember."
Emergency Exit Seat,,U + Left Shift,R Alt+Y,,(R)ace out of your seat.
Eject,Hold???,R Alt + Y,L Alt+Y,,(L)aunch out of your seat.
Look Behind,,Comma,NONE,,
Toggle Mining Operator Mode,,M,,,"3.24.2 Using M in various bindings in ""Mine"" is now conflicting with itself in many ways. IE: M now puts my Vulture and MPUVT in missile mode. Which shouldn't even be possible with either of them."
Toggle Salvage Operator Mode,,M,,,
Toggle Scanning Operator Mode,,V,\,\,
Toggle Quantum Operator Mode,,,,,"This seemed to work the first day it was in game, then quit working. But this would also do the same thing as Toggle Flight Operator Mode anyway."
Toggle Missile Operator Mode,,,M,M,
Toggle Guns Operator Mode,,,,,
Toggle Flight Operator Mode,,,R Alt+Q,V,This will toggle between Nav Flight and Quantum.
Set Mining Operator Mode,,,,,
Set Salvage Operator Mode,,,,,
Set Scanning Operator Mode,,,,,
Set Quantum Operator Mode,,,R Alt+V,,
Set Missile Operator Mode,,,,,
Set Guns Operator Mode,,,,,
Set Flight Operator Mode,,,L Alt+V,,
Enter Remote Turret 1,,,Up Arrow,Up Arrow,These will put you in any remote turret from a seat/positon that has access to one.
Enter Remote Turret 2,,,L Arrow,L Arrow,
Enter Remote Turret 3,,,R Arrow,R Arrow,
Next Operator Mode,,Button 3 (mouse),NONE,NONE,
Previous Operator Mode,,,,,
Vehicles - Cockpit,,,,,
Self Destruct,,Backspace,,,
Increase Cooler Rate,,,R Alt+R,,
Decrease Cooler Rate,,,L Alt+R,,
Flight / Systems Ready,,R Alt + R,R DT,Np 0,"I have found whatever binding you have here, can be used to reset many controls/settings, since your ship is already on."
Open/Close Doors (Toggle),,,D DT,R Alt+D,
Open All Doors,,,R Ctrl+D,,
Close All Doors,,,L Ctrl+D,,
Lock / Unlock Doors (Toggle),,,,L Alt+D,
Lock All Doors,,,L Alt+D,,Mine will conflict with default Salvage Toggle Fire Right. Salvage bindings have been redone to make more sense to me.
Unlock All Doors,,,R Alt+D,,Mine will conflict with default Salvage Focus Right Salvage Head.
Port Lock Toggle All,,R Alt + K,NONE,,
Port Lock All,,,L Alt+K DT,,
Port Unlock All,,,R Alt+K DT,,
Vehicles - View,,,,,
Look Left,,,,,
Look Right,,,,,
Look Left/Right,,X-axis (mouse),,,
Look Up,,,,,
Look Down,,,,,
Look Up/Down,,Y-axis (mouse),,,
Cycle camera view,,F4,???,,
Cycle Camera Orbit Mode,,,,,What the heck is this??? Its been around since we could play.
Zoom In (3rd Person View),,Mouse Wheel Up,,,
Zoom Out (3rd Person View),,Mouse Wheel Down,,,
Freelook (Hold),Hold,Z,,,
Dynamic Zoom In / Out (rel),,,,,
Dynamic Zoom In (rel),,,,,
Dynamic Zoom Out (rel),,,,,
Dynamic Zoom Toggle (abs),,,Z,Z,
@ui_v_ads_hold,,,,,"These are the previous ""Precison Targeting"" options."
@ui_v_ads_toggle,,Button 2 (mouse),8 DT,8 DT,
@ui_v_ads_toggle_stable_max_zoom_hold,,Button 2 (mouse),8,8,This is active as long as you hold it. Its quite impressive. Now if we could get this feature on our helmets.
@ui_v_ads_cycle_tracking,,R Alt + Button 2 (mouse),R Ctrl,R Ctrl,"I'm trying to use R Ctrl for a lot of resetting options, but have to be cautious about what it may conflict with as a modifier too. So far so good."
Flight - Movement,,,,,
Pitch Up,,,,,
Pitch Down,,,,,
Pitch,,Y-axis (mouse),NONE,,
Yaw Left,,,,,
Yaw Right,,,,,
Yaw,,X-axis (mouse),NONE,,
Roll Left,,Q,NONE,,
Roll Right,,E,NONE,,
Roll,,,,,
Cycle Mouse Mode (VJoy / Relative),,,,,"This can be very useful for mouse users at times, try it out."
Swap Yaw/Roll (Toggle),,,,,
Strafe Up (abs),,Spacebar,R Alt+S,,
Strafe Down (abs),,L Ctrl,L Alt+S,,
Strafe Up / Down (abs),,,,,
Strafe Left (abs),,A,NONE,,
Strafe Right (abs),,D,NONE,,
Strafe Left/Right (abs),,,,,
Throttle - Increase,,W,R Ctrl+S,,
Throttle - Decrease,,S,L Ctrl+S,,
Throttle - Forward / Back,,,,,
Throttle - Forward / Back Invert,,,,,
Throttle - Cruise Mode - Toggle,,L Alt + C,C DT,,
Throttle - Cruise Mode - Enable,,,,,
Throttle - Cruise Mode - Disable,,,,,
Throttle - Trim - Set (Long Press),,,,,
Throttle - Trim - Set (Short Press),,,,,
Throttle - Trim - Set To 100% (Long Press),,,,,
Throttle - Trim - Set To 100% (Short Press),,,R Ctrl+C,,
Throttle - Trim - Set To 50% (Long Press),,,,,
Throttle - Trim - Set To 50% (Short Press),,,L Ctrl+C,,
Throttle - Trim - Release (Long Press),,X,NONE,,
Throttle - Trim - Release (Short Press),,X,NONE,,
"Decouple Mode (Toggle, Hold)",,C,,,
Boost,,L Shift,A,,
Speed Limiter Increase (hold),,,,,
Speed Limiter Decrease (hold),,,,,
Speed Limiter Step Up (tap),,L Alt + Mouse Wheel Up,,,
Speed Limiter Step Down (tap),,L Alt + Mouse Wheel Dn,,,
Speed Limiter (Rel.),,,NONE,,
Speed Limiter (Abs.),,,,,
Speed Limiter Enable/Disable,,,S,,
Speed Limiter Enable,,,,,
Speed Limiter Disable,,,,,
Acceleration Limiter Increase (hold),,,,,
Acceleration Limiter Decrease (hold),,,,,
Acceleration Limiter Step Up (tap),,R Alt + Mouse Wheel,R Alt+A,,
Acceleration Limiter Step Down (tap),,R Alt + Mouse Wheel,L Alt+A,,
Acceleration Limiter Up / Down (Rel.),,,NONE,,
Acceleration Limiter Up / Down (Abs.),,,,,
Match Target Velocity,,,,,"I don't believe this currently works, and hasn't for some time now."
Spacebrake,,X,,,There is a long standing issue applying this with an axis. The brake often remains engaged after releasing said axis. Tap X to disengage.
Lock Pitch/Yaw Movement (Toggle / Hold),,R Shift,NONE,NONE,"WARNING! I don't know how this is useful, but I do know many have accidntally bumped this, and lost the ability to pitch and yaw. Might be good to remove it, and us that large button for something more desirable."
G-force safety On,,,L Ctrl+G DT,,
G-force safety Off,,,R Ctrl+G DT,,
G-force safety On / Off (Toggle / Hold),,,G DT,G DT,
E.S.P Toggle On / Off (Press),,,X DT,X DT,
E.S.P Enable Temporarily (Hold),,,,,
Landing System (Toggle),,N,L,L,"Mine will conflict with default Lights. Change it to N for Night and L for Landing (so many asking for night vision, this might make more sense."
Landing System (Deploy),,,L Ctrl+L,,
Landing System (Retract),,,R Ctrl+L,,
Toggle VTOL,,K,V DT,V DT,Alt Mine will conflict with default Lock Pitch/Yaw Movement (Toggle / Hold). But R Shift seems to be a nice key for something more important in a pinch.
Expand Configuration,,,L Ctrl+K,,Mine will conflict with default Cycle Configuration.
Retract Configuration,,,R Ctrl+K,,Mine will conflict with default Port Lock Toggle All.
Cycle Configuration,,L Alt + K,K,K,
Autoland,Hold,N,L,L,"This only works when you are close enough to a pad, and only at places that have the advanced tech in lore for it. IE: Outposts may not work. Hearing this is not working in 3.23."
Request Landing,,L Alt + N,9 DT,9 DT,
Request Cargo Loading,,R Alt + N,R Alt+L,R Alt+L,
Cycle Master Mode (Short Press),,,E,E,
Cycle Master Mode (Long Press),,B,,,3.24.2 Mine is really conflicting with Mine various modes above.
Set Master Mode to Nav,,,R Ctrl+M,,
Set Master Mode to SCM,,,L Ctrl+M,,
Jump Drive - Request Jump,,Button 1 (mouse),J,J,
Gravity Compensation - Toggle,,,,,
Gravity Compensation - Enable,,,L Ctrl+G,,
Gravity Compensation - Disable,,,R Ctrl+G,,
Automatic Precision Mode - Toggle,,,R Alt+Q,V,
Automatic Precision Mode - Enable,,,L Alt+V,,
Automatic Precision Mode - Disable,,,R Alt+V,,
@ui_v_ifcs_proximity_assist_toggle,,,,,"Players should really understand what this is, and how it effects your ships flight physics. https://www.youtube.com/watch?v=Puck8YVoVlY"
@ui_v_ifcs_proximity_assist_on,,,,,
@ui_v_ifcs_proximity_assist_off,,,,,
Reset Flight Accelorator,,,,,
Adavanced HUD Toggle,,,,,
Adavanced HUD Enable,,,,,
Adavanced HUD Disable,,,,,
Flight - Quantum Travel,,,,,
Engage Quantum Drive (Hold),Hold,Button 1 (mouse),L Alt+Q,Q,
Flight - Docking,,,,,
Toggle Docking Mode,,N,D,D,
Invoke Docking,Hold,N,D,D,
Toggle Docking Camera,,0,R Ctrl,R Ctrl,
Flight - Target Hailing,,,,,
Hail Target,,9,,,
Flight - Radar,,,,,
Activate Ping (Hold & Release),Hold,Tab,???,???,
Vehicles - Scanning,,,,,
Activate Scanning,,Button 1 (mouse),,,
Scanning Increase Radar Angle,,Mouse Wheel Up,],],
Scanning Decrease Radar Angle,,Mouse Wheel Down,[,[,
Vehicles - Weapons,,,,,There may be a way to set a default to many of the following controls in game settings.
Manual Gimbal Mode - Swap VJoy/Look Direction (Toggle/Hold),,Left Alt + G,R Alt+G DT,,
Manual Gimbal Mode - Lock Aim Vector,,Right Alt + G,L Alt+G DT,,3.23 Can't seem to get this to work. Removed in 3.24.2. Wouldn't mind seeing it return.
Cycle Gimbal Assist / Standard Gimbal / Gimbal Lock modes,,G,,,
Cycle Fixed / Auto Gimbal Modes,,,,,3.23 This no longer functions. Auto gimbals have been removed.
Set Fixed Gimbal Mode (Long Press),,,,,
Set Auto Gimbal Mode (Long Press),,,,,
Set Manual Gimbal Mode (Long Press),,,,,
Set Fixed Gimbal Mode (Short Press),,,L Alt+G,L Alt+G,
Set Auto Gimbal Mode (Short Press),,,,,
Set Manual Gimbal Mode (Short Press),,,R Alt+G,R Alt+G,
Supress Aim Assists (Hold),,,,,
Cycle Fire Mode (Staggered / Combined),,,\ DT,\ DT,
Toggle Lead / Lag PIPs,,,,,
Set Lag PIPs,,,L Alt+X,L Alt+X,
Set Lead PIPs,,,R Alt+X,R Alt+X,
PIP Combination Type (Toggle),,,,,
PIP Combination Type - Set One PIP Per Weapon,,,/,/,
PIP Combination Type - Set One PIP Per Weapon Type,,,/ DT,/ DT,
PIP Precision Lines Toggle,,,,,
PIP Precision Lines On,,,,,
PIP Precision Lines Off,,,,,
PIP Fading Toggle,,,,,
PIP Fading On,,,Period,Period,
PIP Fading Off,,,Comma,Comma,
Gunnery UI Magnification Toggle,,,,,
Gunnery UI Magnification On,,,,,
Gunnery UI Magnification Off,,,,,
Manual Convergence Distance (rel),,,,,Convergence distance can be set to a default distance in game settings
Manual Convergence Distance - Increase,,,,,
Manual Convergence Distance - Decrease,,,,,
Manual Convergence Distance (abs),,,,,
Manual Convergence Distance - Reset,,,,,
Weapon Preset - Fire,,Button 1 (mouse),,,
Weapon Presets - Fire Guns Group 1,,,,,
Weapon Presets - Fire Guns Group 2,,,,,
Weapon Presets - Fire Guns Group 3,,,,,
Weapon Presets - Fire Guns Group 4,,,,,
Weapon Presets - Next,,Mouse Wheel Down,R Alt+W,R Alt+W,
Weapon Presets - Previous,,Mouse Wheel Up,L Alt+W,L Alt+W,
Weapon Presets - Next (overflow),,,,,
Weapon Presets - Previous (overflow),,,,,
Weapon Presets - Set Guns Group,,,,,
Weapon Presets - Set Guns Group 1,,,,,
Weapon Presets - Set Guns Group 2,,,,,
Weapon Presets - Set Guns Group 3,,,,,
Weapon Presets - Set Guns Group 4,,,,,
Weapon Presets - Set EMPs,,,,,
Weapon Presets - Set Quantum Jammers (short range),,,,,
Weapon Presets - Set Quantum Snares/Pulse (long range),,,,,
Weapon Presets - Set QIDs,,,,,
Precision Targeting - Enable (Hold),,,,,These have been removed in 3.24.2. They are now in Vehicles - View with very different wording.
Precision Targeting - Toggle,,L Alt + Button 2 (mouse),8 DT,8 DT,
Precision Targeting - Max Zoom (Hold),,L Alt + Button 2 (mouse),8,8,This is active as long as you hold it. Its quite impressive. Now if we could get this feature on our helmets.
Precision Targeting - Toggle Camera Tracking,,R Alt + Button 2 (mouse),R Ctrl,R Ctrl,
Vehicles - Missiles,,,,,
Launch Missiles (Tap),,Button 1 (mouse),,,
Launch Missiles (Hold),,,,,
Cycle Next Missile Type,,Mouse Wheel Down,Right,R Alt+RMB,
Cycle Previous Missile Type,,Mouse Wheel Up,Left,R Alt+LMB,
Increase Number Of Armed Missiles,,G,Up,L Alt+RMB,
Decrease Number Of Armed Missiles,,,Down,L Alt+LMB,
Reset Number Of Armed Missiles,,L Alt + G,R,L Alt+MMB,
Bombs - Toggle Desired Impact Point (Tap),,L Alt + B,T,T,
Bombs - Toggle Desired Impact Point (Hold),,,NONE,,
Bombs - Increase HUD Range,,,Up,L Alt+RMB,
Bombs - Decrease HUD Range,,,Down,L Alt+LMB,
Bombs - Reset HUD Range,,,R,L Alt+MMB,
Enable Cinematic Camera (Toggle),,,L Ctrl,,
Enable Cinematic Camera (Hold),,,,,
Vehicles - Shields And Countermeasures,,,,,
Decoy - Launch Burst (Tap) Set And Launch Burst (Hold),,H,Semicolon,,
Decoy - Increase Burst Size (Tap),,R Alt + H,R Alt+Semi,,
Decoy - Decrease Burst Size (Tap),,L Alt + H,L Alt+Semi,,
Decoy - Panic Launch (Tap),,,,,
Noise - Deploy (Tap),,J,Apostraphe,,
Shield Raise Level Front,,,Numpad 8,Home,"These keys could be useful to some, by being less finicky than getting fat fingers into the number pad."
Shield Raise Level Back,,,Numpad 5,End,"Mine just made more sense to me. Also leaving me Numpad 1, 2, and 3 open for something else. Like pinning targets, or used for power bindings for example."
Shield Raise Level Left,,,Numpad 4,Delete,
Shield Raise Level Right,,,Numpad 6,Pg Dn,
Shield Raise Level Top,,,Numpad 8 DT,Insert,
Shield Raise Level Bottom,,,Numpad 5 DT,Pg Up,
Shield Reset Levels,,,Numpad 0,R Ctrl,
Flight - Power,,,,,"When it comes to this category, I see engines, shields, weapons being listed in alphebetical order left to right, and bind accordingly to match that order left to right. Just like I O P are layed out alphabetically on my keyboard. Much easier for me to remember."
Toggle Power - All,,U,,Np Decimal,(U)p and running
Set Power On,,,R Ctrl+U,,
Set Power Off,,,L Ctrl+U,,
Toggle Power - Thrusters,,I,,Np 1,(I)gnition start
Set Thrusters Power On,,,R Ctrl+I,,
Set Thrusters Power Off,,,L Ctrl+I,,
Toggle Power - Shields,,O,,Np 2,Looks like a bubble
Set Shields Power On,,,R Ctrl+O,,
Set Shields Power Off,,,L Ctrl+O,,
Toggle Power - Weapons,,P,,Np3,(P)unch you in the face
Set Weapons Power On,,,R Ctrl+P,,
Set Weapons Power Off,,,L Ctrl+P,,
Decrease Throttle,,F9,NONE,,"Caution: I tested these next four to see what they do, and they borked my ship to a point of nearly abandoning it. They definitely don't do what one might think."
Decrease Throttle To Min,Double Tap,F9,NONE,,
Increase Throttle,,F10,NONE,,
Increase Throttle To Max,Double Tap,F10,NONE,,
Engines - Increase (Tap),,F6,R Alt + I,Np 7,
Engines - Decrease (Tap),,F6 + L Alt,L Alt + I,Np 4,
Engines - Set To Max (hold),Hold,F6,R Alt + I,Np 7,
Engines - Set To Min (hold),Hold,F6 + L Alt,L Alt + I,Np 4,
Shields - Increase (Tap),,F7,R Alt + O,Np 8,
Shields - Decrease (Tap),,F7 + L Alt,L Alt + O,Np 5,
Shields - Set To Max (hold),Hold,F7,R Alt + O,Np 8,
Shields - Set To Min (hold),Hold,F7 + L Alt,L Alt + O,Np 5,
Weapons - Increase (Tap),,F5,R Alt + P,Np 9,
Weapons - Decrease (Tap),,F5 + L Alt,L Alt + P,Np 6,
Weapons - Set To Max (hold),Hold,F5,R Alt + P,Np 9,
Weapons - Set To Min (hold),Hold,F5 + L Alt,L Alt + P,Np 6,
Reset Assingments,,F8,R DT,Np 0,
Flight - HUD,,,,,
Cycle Pitch Ladder Mode,,,,,This did something a while back. But I can't seem to see what it does now.
MobiGlass (Toggle),,F1,,,
Scoreboard,,F1,,,
Map,,F2,,,
Wipe Helmet Visor,,L Alt + X,Backspace,/,"Alt Mine looks like a wiper to me. But I do keep changing this key. I like Backspace. If you accidently hit it, your hand is going to wave in front of your face as a warning. Destruct is a hold anyway."
Lights,,,,,
Headlights (Toggle),,L,N,N,Mine will conflict with default Landing System (Toggle). Changed it to L for Landing.
Headlights,,,,,
Headlights,,,,,
Stop Watch,,,,,
Reset (Long Press),,,,,
Start / Pause (Short Press),,,,,